0x5b45b0a5c1e3d570282bddfe01b0465c1b332430,0
0x9a428d7491ec6a669c7fe93e1e331fe881e9746f,4
0xcde68f6a7078f47ee664ccbc594c9026a8a72d25,0
0x9a00beffa3fc064104b71f6b7ea93babdc44d9da,3
0x41dd131e460e18befd262cf4fe2e2b2f43f6fb7b,28
0xde3e4d173f754704a763d39e1dcf0a90c37ec7f0,0
0x69e02d001146a86d4e2995f9ecf906265aa77d85,0
0xbc4de0a59d8af0af3e66e08e488400aa6f8bb0fb,0
0xa36aa9dbdb7bbc2c986a5e30386a057f8aa38d9c,0
0x43a9da9bade357843fbe7e5ee3eedd910f9fac1e,3
0xf7a7ae64cf9e9dd26fd2530a9b6fc571a31e75a1,0
0x34a649fde43ce36882091a010aae2805a9fcff0d,0
0xf05b641229bb2aa63b205ad8b423a390f7ef05a7,0
0xccbf5d0a96ca77da1d21438eb9c06e485e6723c2,0
0x3d7cde7ea3da7fdd724482f11174cbc0b389bd8b,1
0x14f78bdcccd12c4f963bd0457212b3517f974b2b,0
0x56a201b872b50bbdee0021ed4d1bb36359d291ed,0
0xe2cfba3e0a8ce0825c5cbefdc60d7e78cc35aaf3,0
0x9401676cd2d01e02a97fcf1f567a369bbae37f0c,0
0x71678647939666d2c8d3c198b62da9028c5ebabc,0
0xf9d183af486a973b7921ceb5fdc9908d12aab440,0
0xc19cf05f28bd4fd58e427a60ec9416d73b6d6c57,11
0x9d840dccb22e781e7f223ada4dc49e6734d2ce17,0
0x7211eead6c7db1d1ebd70f5cbcd8833935a04126,0
0xb0b822e1c3995503442682caeea1b6c683169d2e,0
0xa82240bb0291a8ef6e46a4f6b8abf4737b0b5257,0
0x6f9cee855cb1f362f31256c65e1709222e0f2037,0
0x4a6a6573393485cc410b20a021381fb39362b9d1,0
0x394c357db3177e33bde63f259f0eb2c04a46827c,0
0xe2cdf066eee46b2c424dd1894b8ae33f153f533c,10
0xb3f3658bf332ba6c9c0cc5bc1201caba7ada819b,0
0xf1a621fe077e4e9ac2c0cefd9b69551db9c3f657,0
0x8d9261369e3bfba715f63303236c324d2e3c44ec,0
0xd441c97ef1458d847271f91714799007081494ef,3
0xc65f06b01e114414aac120d54a2e56d2b75b1f85,0
0xb345720ab089a6748ccec3b59caf642583e308bf,26
0xa33be425a086db8899c33a357d5ad53ca3a6046e,7
0x7b2366996a64effe1af089fa64e9cf4361fddc6e,0
0xa9a01cf812da74e3100e1fb9b28224902d403ed7,2
0x4bf44e0c856d096b755d54ca1e9cfdc0115ed2e6,3
0xe543357d4f0eb174cfc6bed6ef5e7ab5762f1b2b,1
0x4c180462a051ab67d8237ede2c987590df2fbbe6,76
0xd49aebfc9ac5e2886869135dadaff43eb522ac32,0
0xc7c1b169a8d3c5f2d6b25642c4d10da94ffcd3c9,0
0x0b8e605a7446801ae645e57de5aabbc251cd1e3c,27
0xc1f80163cc753f460a190643d8fcbb7755a48409,1
0x1348ea8e35236aa0769b91ae291e7291117bf15c,0
0xa92ab746eac03e5ec31cd3a879014a7d1e04640c,0
0x9ec255f1af4d3e4a813aadab8ff0497398037d56,0
0xddfe74f671f6546f49a6d20909999cfe5f09ad78,0
0x59229efd5206968301ed67d5b08e1c39e0179897,0
0x1b7ea7d42c476a1e2808f23e18d850c5a4692df7,2
0x9832ee476d66b58d185b7bd46d05cbcbe4e543e1,0
0x3d138e67dfac9a7af69d2694470b0b6d37721b06,0
0x00d1ebe373806b2e5a3db01903aa777ff3f4471d,0
0xbaec6ed4a9c3b333e1cb20c3e729d7100c85d8f1,0
0x19c5bad4354e9a78a1ca0235af29b9eacf54ff2b,2
0x340bc7511e4e6c1cdd9dcd8f02827fd08edc6fb2,0
0x4cc19a7a359f2ff54ff087f03b6887f436f08c11,0
0x7aaee144a14ec3ba0e468c9dcf4a89fdb62c5aa6,0
0x36998db3f9d958f0ebaef7b0b6bf11f3441b216f,6
0xd6e91233068c81b0eb6aac77620641f72d27a039,4
0x193641ea463c3b9244cf9f00b77ee5220d4154e9,0
0xe3cd19fabc17ba4b3d11341aa06b6f245de3f9a6,1
